{"cameraMode":{"drawMode":0,"name":"Shaded","section":"Shading Mode"},"sceneLighting":true,"audioPlay":false,"sceneViewState":{"m_AlwaysRefresh":true,"showFog":false,"showSkybox":false,"showFlares":true,"showImageEffects":true,"showParticleSystems":true,"showVisualEffectGraphs":true,"m_FxEnabled":true},"in2DMode":false,"pivot":{"x":0.935744047164917,"y":13.275266647338868,"z":-44.790950775146487},"rotation":{"x":0.002751011634245515,"y":0.9977651834487915,"z":0.06892471760511399,"w":-0.027916615828871728},"size":16.97028160095215,"orthographic":false}