{"cameraMode":{"drawMode":0,"name":"Shaded","section":"Shading Mode"},"sceneLighting":true,"audioPlay":false,"sceneViewState":{"m_AlwaysRefresh":true,"showFog":false,"showSkybox":false,"showFlares":true,"showImageEffects":true,"showParticleSystems":true,"showVisualEffectGraphs":true,"m_FxEnabled":true},"in2DMode":false,"pivot":{"x":-8.886536598205567,"y":6.695645809173584,"z":-52.16200256347656},"rotation":{"x":-0.009946674108505249,"y":-0.9871004223823547,"z":0.062206149101257327,"w":-0.15022344887256623},"size":17.131183624267579,"orthographic":false}